{"base_lr": 4.999999999999998e-06, "lr": 4.8444505203499936e-08, "data_time": 0.012491765022277833, "loss": 3.0355602741241454, "loss_rpn_cls": 0.13931049952909233, "loss_rpn_bbox": 0.019871200891211627, "s0.loss_cls": 0.5708009421825408, "s0.acc": 46.09375, "s0.loss_bbox": 0.13484599392861127, "s0.loss_mask": 0.9321295833587646, "s1.loss_cls": 0.37762068152427675, "s1.acc": 0.29296875, "s1.loss_bbox": 0.02057280365843326, "s1.loss_mask": 0.36570019870996473, "s2.loss_cls": 0.27902353763580323, "s2.acc": 0.0, "s2.loss_bbox": 0.00265126365236938, "s2.loss_mask": 0.19303361251950263, "time": 0.3734875202178955, "epoch": 1, "iter": 50, "memory": 10571, "step": 50}
{"base_lr": 9.999999999999996e-06, "lr": 9.688901040699987e-08, "data_time": 0.01079676628112793, "loss": 2.6199511241912843, "loss_rpn_cls": 0.10614801375893876, "loss_rpn_bbox": 0.01771636525169015, "s0.loss_cls": 0.4869748377799988, "s0.acc": 86.62109375, "s0.loss_bbox": 0.13210563644766807, "s0.loss_mask": 0.7983588600158691, "s1.loss_cls": 0.31822921574115753, "s1.acc": 15.4296875, "s1.loss_bbox": 0.021274538445286453, "s1.loss_mask": 0.3409616240859032, "s2.loss_cls": 0.2107351702451706, "s2.acc": 0.78125, "s2.loss_bbox": 0.002682492671883665, "s2.loss_mask": 0.18476440027356147, "time": 0.34632038593292236, "epoch": 1, "iter": 100, "memory": 10534, "step": 100}
{"base_lr": 1.4999999999999978e-05, "lr": 1.4533351561049972e-07, "data_time": 0.010057644844055176, "loss": 2.1386020040512084, "loss_rpn_cls": 0.10291193138808012, "loss_rpn_bbox": 0.01984203241765499, "s0.loss_cls": 0.2753557109832764, "s0.acc": 97.265625, "s0.loss_bbox": 0.15107400938868523, "s0.loss_mask": 0.7326509571075439, "s1.loss_cls": 0.19288276255130768, "s1.acc": 98.046875, "s1.loss_bbox": 0.024320455088745804, "s1.loss_mask": 0.33981988847255706, "s2.loss_cls": 0.1192822851240635, "s2.acc": 72.8515625, "s2.loss_bbox": 0.002709784752223641, "s2.loss_mask": 0.17775216847658157, "time": 0.34042118072509764, "epoch": 1, "iter": 150, "memory": 10498, "step": 150}
{"base_lr": 1.9999999999999958e-05, "lr": 1.937780208139995e-07, "data_time": 0.009534072875976563, "loss": 1.5858665418624878, "loss_rpn_cls": 0.0800512117287144, "loss_rpn_bbox": 0.01594244645908475, "s0.loss_cls": 0.06427729785442353, "s0.acc": 97.265625, "s0.loss_bbox": 0.14016490630805492, "s0.loss_mask": 0.6765844655036927, "s1.loss_cls": 0.05115829845890403, "s1.acc": 98.4375, "s1.loss_bbox": 0.023421787177212536, "s1.loss_mask": 0.3136385703086853, "s2.loss_cls": 0.053716143630445, "s2.acc": 99.12109375, "s2.loss_bbox": 0.003012918016756885, "s2.loss_mask": 0.16389851689338683, "time": 0.3411942148208618, "epoch": 1, "iter": 200, "memory": 11122, "step": 200}
{"base_lr": 2.499999999999997e-05, "lr": 2.422225260174995e-07, "data_time": 0.008897337913513183, "loss": 1.384151337146759, "loss_rpn_cls": 0.0633435759646818, "loss_rpn_bbox": 0.016928799860179426, "s0.loss_cls": 0.04268681522458792, "s0.acc": 99.4140625, "s0.loss_bbox": 0.14024983229115606, "s0.loss_mask": 0.6110984903573989, "s1.loss_cls": 0.01657313001342118, "s1.acc": 99.609375, "s1.loss_bbox": 0.023871718663722275, "s1.loss_mask": 0.29812819093465803, "s2.loss_cls": 0.011041469490155578, "s2.acc": 99.609375, "s2.loss_bbox": 0.003143329651793465, "s2.loss_mask": 0.1570859931409359, "time": 0.3331360912322998, "epoch": 1, "iter": 250, "memory": 10999, "step": 250}
{"base_lr": 2.9999999999999947e-05, "lr": 2.906670312209993e-07, "data_time": 0.010506367683410645, "loss": 1.3568126332759858, "loss_rpn_cls": 0.06828853036276997, "loss_rpn_bbox": 0.02343056651763618, "s0.loss_cls": 0.049459077045321466, "s0.acc": 96.09375, "s0.loss_bbox": 0.17680490463972093, "s0.loss_mask": 0.5599287515878677, "s1.loss_cls": 0.016758359875530003, "s1.acc": 97.8515625, "s1.loss_bbox": 0.03103674316778779, "s1.loss_mask": 0.27947757512331006, "s2.loss_cls": 0.006149419536814094, "s2.acc": 98.73046875, "s2.loss_bbox": 0.003834627621108666, "s2.loss_mask": 0.14164406239986418, "time": 0.3507193994522095, "epoch": 1, "iter": 300, "memory": 12082, "step": 300}
{"base_lr": 3.4999999999999936e-05, "lr": 3.391115364244988e-07, "data_time": 0.009866957664489745, "loss": 1.2443473243713379, "loss_rpn_cls": 0.05343524440191686, "loss_rpn_bbox": 0.01949362664599903, "s0.loss_cls": 0.04895677596330643, "s0.acc": 91.50390625, "s0.loss_bbox": 0.16457286648452282, "s0.loss_mask": 0.5281647700071335, "s1.loss_cls": 0.0167399282194674, "s1.acc": 95.5078125, "s1.loss_bbox": 0.03134183708578348, "s1.loss_mask": 0.2465829759836197, "s2.loss_cls": 0.005659592719748616, "s2.acc": 97.36328125, "s2.loss_bbox": 0.004531093892874196, "s2.loss_mask": 0.12486860409379005, "time": 0.32951035499572756, "epoch": 1, "iter": 350, "memory": 11132, "step": 350}
{"base_lr": 3.9999999999999895e-05, "lr": 3.8755604162799816e-07, "data_time": 0.009334115982055665, "loss": 1.2375821483135223, "loss_rpn_cls": 0.060634952131658794, "loss_rpn_bbox": 0.020932984747923912, "s0.loss_cls": 0.047132222540676595, "s0.acc": 97.265625, "s0.loss_bbox": 0.16030168652534485, "s0.loss_mask": 0.5253295236825943, "s1.loss_cls": 0.015885191038250923, "s1.acc": 98.73046875, "s1.loss_bbox": 0.03139752198942006, "s1.loss_mask": 0.2477299204468727, "s2.loss_cls": 0.00520614754408598, "s2.acc": 99.4140625, "s2.loss_bbox": 0.004119189265184104, "s2.loss_mask": 0.11891279704868793, "time": 0.3361752796173096, "epoch": 1, "iter": 400, "memory": 12270, "step": 400}
{"base_lr": 4.499999999999989e-05, "lr": 4.3600054683149805e-07, "data_time": 0.00898625373840332, "loss": 1.0230926263332367, "loss_rpn_cls": 0.048316523265093565, "loss_rpn_bbox": 0.014345613184850663, "s0.loss_cls": 0.04041512224823236, "s0.acc": 98.14453125, "s0.loss_bbox": 0.1497287743538618, "s0.loss_mask": 0.42688782334327696, "s1.loss_cls": 0.014947137515991925, "s1.acc": 98.2421875, "s1.loss_bbox": 0.03573805690743029, "s1.loss_mask": 0.1912467859685421, "s2.loss_cls": 0.005042598566506058, "s2.acc": 99.0234375, "s2.loss_bbox": 0.005753987003699877, "s2.loss_mask": 0.09067020781338214, "time": 0.3352705955505371, "epoch": 1, "iter": 450, "memory": 11744, "step": 450}
{"base_lr": 4.999999999999985e-05, "lr": 4.844450520349977e-07, "data_time": 0.009852995872497558, "loss": 1.126905918121338, "loss_rpn_cls": 0.04675406589172781, "loss_rpn_bbox": 0.014359983103931882, "s0.loss_cls": 0.049731639213860035, "s0.acc": 95.99609375, "s0.loss_bbox": 0.17661199085414409, "s0.loss_mask": 0.4502341887354851, "s1.loss_cls": 0.01973187644034624, "s1.acc": 96.97265625, "s1.loss_bbox": 0.049729933328926564, "s1.loss_mask": 0.20745421439409256, "s2.loss_cls": 0.007238796600140631, "s2.acc": 98.53515625, "s2.loss_bbox": 0.009535055076703429, "s2.loss_mask": 0.09552418611943722, "time": 0.3390190553665161, "epoch": 1, "iter": 500, "memory": 10645, "step": 500}
{"base_lr": 5.499999999999987e-05, "lr": 5.328895572384975e-07, "data_time": 0.009546961784362793, "loss": 1.0448018890619277, "loss_rpn_cls": 0.04484702449291945, "loss_rpn_bbox": 0.017931366733973844, "s0.loss_cls": 0.047016051560640336, "s0.acc": 89.84375, "s0.loss_bbox": 0.16061903640627861, "s0.loss_mask": 0.41387459814548494, "s1.loss_cls": 0.019553227294236423, "s1.acc": 93.359375, "s1.loss_bbox": 0.04838625341653824, "s1.loss_mask": 0.19010822243988515, "s2.loss_cls": 0.00729480148293078, "s2.acc": 96.2890625, "s2.loss_bbox": 0.010940878745168447, "s2.loss_mask": 0.08423043608665466, "time": 0.33933953285217283, "epoch": 1, "iter": 550, "memory": 11259, "step": 550}
{"base_lr": 5.9999999999999846e-05, "lr": 5.81334062441997e-07, "data_time": 0.009530539512634278, "loss": 0.9457383635640144, "loss_rpn_cls": 0.038312517721205946, "loss_rpn_bbox": 0.014987806156277657, "s0.loss_cls": 0.041848294362425806, "s0.acc": 96.19140625, "s0.loss_bbox": 0.1392225943878293, "s0.loss_mask": 0.3807630531489849, "s1.loss_cls": 0.018045257767662404, "s1.acc": 95.99609375, "s1.loss_bbox": 0.0450925993733108, "s1.loss_mask": 0.17006033860147, "s2.loss_cls": 0.007105929017998278,