{"base_lr": 0.00024999999999999995, "lr": 2.4222252601749966e-06, "data_time": 0.012456979751586914, "loss": 1.9726073670387267, "loss_rpn_cls": 0.0609684152691625, "loss_rpn_bbox": 0.0202384227165021, "s0.loss_cls": 0.33698203675448896, "s0.acc": 94.82421875, "s0.loss_bbox": 0.15882899820804597, "s0.loss_mask": 0.6339569097757339, "s1.loss_cls": 0.12331956947222351, "s1.acc": 97.4609375, "s1.loss_bbox": 0.028498688489198686, "s1.loss_mask": 0.37219453781843187, "s2.loss_cls": 0.06345876034814864, "s2.acc": 99.0234375, "s2.loss_bbox": 0.003663586515467614, "s2.loss_mask": 0.17049745827913285, "time": 0.3820516204833984, "epoch": 1, "iter": 50, "memory": 10479, "step": 50}
{"base_lr": 0.0004999999999999994, "lr": 4.844450520349994e-06, "data_time": 0.009478087425231934, "loss": 1.1839038777351378, "loss_rpn_cls": 0.06408344261348248, "loss_rpn_bbox": 0.01859719288535416, "s0.loss_cls": 0.04519305227324367, "s0.acc": 95.41015625, "s0.loss_bbox": 0.15786151088774203, "s0.loss_mask": 0.4821758118271828, "s1.loss_cls": 0.014189718943089246, "s1.acc": 96.38671875, "s1.loss_bbox": 0.031327357683330774, "s1.loss_mask": 0.24722591206431388, "s2.loss_cls": 0.004283908037468791, "s2.acc": 98.2421875, "s2.loss_bbox": 0.004166810195893049, "s2.loss_mask": 0.11479916550219059, "time": 0.3468668603897095, "epoch": 1, "iter": 100, "memory": 10853, "step": 100}
{"base_lr": 0.0007499999999999993, "lr": 7.266675780524986e-06, "data_time": 0.010358452796936035, "loss": 1.1605372297763825, "loss_rpn_cls": 0.04969482785090804, "loss_rpn_bbox": 0.02099278842913918, "s0.loss_cls": 0.04880529422312975, "s0.acc": 95.703125, "s0.loss_bbox": 0.17094663687050343, "s0.loss_mask": 0.4658048838376999, "s1.loss_cls": 0.019851108342409135, "s1.acc": 97.4609375, "s1.loss_bbox": 0.051036491729319095, "s1.loss_mask": 0.21268601380288601, "s2.loss_cls": 0.006974572171457112, "s2.acc": 97.16796875, "s2.loss_bbox": 0.0122993646573741, "s2.loss_mask": 0.10144525539129973, "time": 0.34708467960357664, "epoch": 1, "iter": 150, "memory": 11383, "step": 150}
{"base_lr": 0.0009999999999999983, "lr": 9.688901040699978e-06, "data_time": 0.009449810981750488, "loss": 1.127190170288086, "loss_rpn_cls": 0.04400115612894297, "loss_rpn_bbox": 0.023121377509087323, "s0.loss_cls": 0.04266749264672399, "s0.acc": 97.265625, "s0.loss_bbox": 0.13410674840211867, "s0.loss_mask": 0.4640356805920601, "s1.loss_cls": 0.02538365569896996, "s1.acc": 97.55859375, "s1.loss_bbox": 0.04539609856903553, "s1.loss_mask": 0.2240631152689457, "s2.loss_cls": 0.01199183010496199, "s2.acc": 97.0703125, "s2.loss_bbox": 0.012557143424637617, "s2.loss_mask": 0.09986586898565292, "time": 0.34425327777862547, "epoch": 1, "iter": 200, "memory": 11248, "step": 200}
{"base_lr": 0.0012499999999999974, "lr": 1.211112630087497e-05, "data_time": 0.00922168731689453, "loss": 1.0789043045043945, "loss_rpn_cls": 0.055074681136757134, "loss_rpn_bbox": 0.022149152338970454, "s0.loss_cls": 0.04272105235606432, "s0.acc": 95.21484375, "s0.loss_bbox": 0.13843609347939492, "s0.loss_mask": 0.42567241728305816, "s1.loss_cls": 0.019972114861011504, "s1.acc": 95.703125, "s1.loss_bbox": 0.042877834187820554, "s1.loss_mask": 0.21274818047881128, "s2.loss_cls": 0.009677803586237132, "s2.acc": 97.265625, "s2.loss_bbox": 0.012356301287654787, "s2.loss_mask": 0.09721868257969618, "time": 0.34310582637786863, "epoch": 1, "iter": 250, "memory": 10568, "step": 250}
{"base_lr": 0.0014999999999999974, "lr": 1.4533351561049957e-05, "data_time": 0.009458470344543456, "loss": 1.2818115472793579, "loss_rpn_cls": 0.055951670482754706, "loss_rpn_bbox": 0.025395430927164852, "s0.loss_cls": 0.0505797878280282, "s0.acc": 90.13671875, "s0.loss_bbox": 0.16674529381096362, "s0.loss_mask": 0.5262425684928894, "s1.loss_cls": 0.024201186597347258, "s1.acc": 93.26171875, "s1.loss_bbox": 0.04878462489694357, "s1.loss_mask": 0.24637766689062118, "s2.loss_cls": 0.0103812952991575, "s2.acc": 96.09375, "s2.loss_bbox": 0.012258461201563478, "s2.loss_mask": 0.1148935841023922, "time": 0.34180474758148194, "epoch": 1, "iter": 300, "memory": 11161, "step": 300}
{"base_lr": 0.0017499999999999964, "lr": 1.695557682122494e-05, "data_time": 0.009210810661315919, "loss": 4.385513014793396, "loss_rpn_cls": 1.5295069697964936, "loss_rpn_bbox": 1.455442037456669, "s0.loss_cls": 0.04659369427710772, "s0.acc": 98.4375, "s0.loss_bbox": 0.14451614402234556, "s0.loss_mask": 0.6352348124980927, "s1.loss_cls": 0.02333748557604849, "s1.acc": 98.2421875, "s1.loss_bbox": 0.040302423164248466, "s1.loss_mask": 0.3079258055984974, "s2.loss_cls": 0.04761918682139367, "s2.acc": 93.06640625, "s2.loss_bbox": 0.014308944907970727, "s2.loss_mask": 0.14072570212185384, "time": 0.3439973402023315, "epoch": 1, "iter": 350, "memory": 10507, "step": 350}
{"base_lr": 0.0019999999999999944, "lr": 1.9377802081399936e-05, "data_time": 0.009561667442321778, "loss": 50.68914499282837, "loss_rpn_cls": 42.55451204208657, "loss_rpn_bbox": 5.949347258144989, "s0.loss_cls": 0.09797820560634136, "s0.acc": 94.98977661132812, "s0.loss_bbox": 0.1388724928442389, "s0.loss_mask": 0.8035076904296875, "s1.loss_cls": 0.15795452749356628, "s1.acc": 97.13701629638672, "s1.loss_bbox": 0.04565459926147014, "s1.loss_mask": 0.5748606026172638, "s2.loss_cls": 0.13005559255369006, "s2.acc": 98.15950775146484, "s2.loss_bbox": 0.02820526921073906, "s2.loss_mask": 0.20819962590932847, "time": 0.3334338569641113, "epoch": 1, "iter": 400, "memory": 10814, "step": 400}
{"base_lr": 0.0022499999999999938, "lr": 2.180002734157495e-05, "data_time": 0.009843125343322753, "loss": 158.58212258577348, "loss_rpn_cls": 52.27418616995215, "loss_rpn_bbox": 104.83159241462825, "s0.loss_cls": 0.0514201232790947, "s0.acc": 98.92578125, "s0.loss_bbox": 0.10174551235279068, "s0.loss_mask": 0.6859531486034394, "s1.loss_cls": 0.053433821448124946, "s1.acc": 99.12109375, "s1.loss_bbox": 0.025114321424625816, "s1.loss_mask": 0.3429819190502167, "s2.loss_cls": 0.03523087722249329, "s2.acc": 99.51171875, "s2.loss_bbox": 0.00951587651274167, "s2.loss_mask": 0.17094030290842055, "time": 0.3313404130935669, "epoch": 1, "iter": 450, "memory": 10718, "step": 450}
